"barcode","SampleType","RawCount","logCPM"
"TCGA-5P-A9K4","Primary Tumor",413,3.03737182138905
"TCGA-P4-A5E7","Primary Tumor",1377,4.52938058028421
"TCGA-G7-A8LD","Primary Tumor",4754,6.06585065073089
"TCGA-IA-A83T","Primary Tumor",1055,4.30586557065816
"TCGA-2Z-A9JK","Primary Tumor",13258,7.66587254026065
"TCGA-UZ-A9PU","Primary Tumor",393,2.64883832956943
"TCGA-UZ-A9PL","Primary Tumor",699,3.59081122737818
"TCGA-KV-A6GE","Primary Tumor",618,3.44907209766576
"TCGA-4A-A93X","Primary Tumor",1872,5.31590948129971
"TCGA-B3-4104","Primary Tumor",3772,6.40771350763144
"TCGA-B9-4114","Primary Tumor",1313,4.45478512990477
"TCGA-KV-A6GD","Primary Tumor",1268,4.60337727022685
"TCGA-B9-A5W7","Primary Tumor",883,3.88362962524697
"TCGA-AL-3471","Primary Tumor",440,3.56612290122544
"TCGA-A4-8515","Primary Tumor",886,4.07185798920094
"TCGA-G7-6790","Primary Tumor",1398,4.45720376913516
"TCGA-BQ-5890","Primary Tumor",1223,4.42727146218029
"TCGA-MH-A55Z","Primary Tumor",913,4.3983034244925
"TCGA-B3-8121","Primary Tumor",1059,4.51656185381634
"TCGA-2Z-A9JS","Primary Tumor",1114,3.92836290690226
"TCGA-BQ-5884","Primary Tumor",3031,5.25349844598969
"TCGA-A4-8517","Primary Tumor",966,4.50319749686482
"TCGA-GL-7966","Primary Tumor",10441,7.33883405452343
"TCGA-2Z-A9JL","Primary Tumor",879,4.03793165011503
"TCGA-SX-A71S","Primary Tumor",1675,4.69742910691204
"TCGA-BQ-5888","Primary Tumor",786,4.01891575588991
"TCGA-DW-7837","Primary Tumor",1529,5.19273797365479
"TCGA-DW-7840","Primary Tumor",1551,5.09262471095523
"TCGA-BQ-7055","Solid Tissue Normal",118004,10.8752950918132
"TCGA-BQ-7055","Primary Tumor",5739,7.42512183491423
"TCGA-B1-A47O","Primary Tumor",268,2.78581384573535
"TCGA-BQ-7049","Primary Tumor",3644,5.99369458580188
"TCGA-DW-7838","Primary Tumor",1295,4.66549105622202
"TCGA-DZ-6134","Primary Tumor",11346,7.30302740570971
"TCGA-A4-7584","Primary Tumor",908,4.10149839243114
"TCGA-DW-5561","Primary Tumor",1053,4.00770378635831
"TCGA-A4-7734","Primary Tumor",4739,5.91063393545131
"TCGA-A4-A7UZ","Primary Tumor",1417,4.78646060139988
"TCGA-SX-A7SR","Primary Tumor",679,3.77136159247626
"TCGA-DW-7839","Primary Tumor",871,3.6549185759506
"TCGA-AL-A5DJ","Primary Tumor",805,4.39246877857165
"TCGA-BQ-5880","Primary Tumor",1666,5.91210989793902
"TCGA-UZ-A9PP","Primary Tumor",1203,4.21283193569983
"TCGA-B9-5156","Primary Tumor",1462,4.70731042876175
"TCGA-BQ-5887","Solid Tissue Normal",38612,9.09678773522605
"TCGA-Y8-A8S1","Primary Tumor",3921,7.12836295738218
"TCGA-GL-A59T","Primary Tumor",361,3.17141658995686
"TCGA-HE-7129","Primary Tumor",892,3.51766583063131
"TCGA-P4-A5ED","Solid Tissue Normal",9472,7.43112180304082
"TCGA-G7-6795","Primary Tumor",1061,4.56587052511371
"TCGA-BQ-5876","Primary Tumor",1814,5.73079681480943
"TCGA-BQ-7044","Primary Tumor",1699,4.9599410681313
"TCGA-UZ-A9PN","Primary Tumor",7966,6.84538773302018
"TCGA-BQ-7044","Solid Tissue Normal",35887,9.37655569377047
"TCGA-B3-4103","Primary Tumor",1167,4.26026181542289
"TCGA-5P-A9K0","Primary Tumor",971,4.11105158507618
"TCGA-IA-A40Y","Primary Tumor",1712,4.89662991322759
"TCGA-B3-3926","Primary Tumor",1344,4.73435934026666
"TCGA-DW-5560","Primary Tumor",645,3.47235323292292
"TCGA-G7-6797","Primary Tumor",699,4.06849727841853
"TCGA-BQ-7045","Solid Tissue Normal",29518,9.23493915329131
"TCGA-DW-7836","Primary Tumor",3624,6.02263982211559
"TCGA-HE-A5NF","Primary Tumor",774,4.89802834946773
"TCGA-BQ-5892","Primary Tumor",12046,7.82306665194644
"TCGA-P4-AAVL","Primary Tumor",290,3.09957132242875
"TCGA-2Z-A9JI","Primary Tumor",2467,5.46582381258921
"TCGA-5P-A9JY","Primary Tumor",252,2.49060959249584
"TCGA-AL-3472","Primary Tumor",700,3.44888256981574
"TCGA-G7-6792","Primary Tumor",1195,4.48357240923125
"TCGA-UZ-A9PO","Primary Tumor",871,4.53041085879412
"TCGA-SX-A7SM","Primary Tumor",1086,4.71223770965853
"TCGA-G7-7501","Primary Tumor",2329,5.18900592777104
"TCGA-IA-A83W","Primary Tumor",960,4.32716562032726
"TCGA-5P-A9K3","Primary Tumor",1109,4.83816704310707
"TCGA-BQ-5883","Primary Tumor",10657,7.48663996432418
"TCGA-G7-6796","Primary Tumor",987,4.70492012147627
"TCGA-V9-A7HT","Primary Tumor",1783,4.96919923869734
"TCGA-P4-AAVM","Primary Tumor",241,3.57479351311774
"TCGA-B9-4116","Primary Tumor",17056,7.72895298651529
"TCGA-GL-A9DD","Primary Tumor",948,4.32735217894188
"TCGA-2Z-A9J9","Primary Tumor",28783,8.78949499314605
"TCGA-GL-A9DE","Solid Tissue Normal",9375,7.13501036095207
"TCGA-BQ-7050","Primary Tumor",941,4.21982123695434
"TCGA-A4-7915","Primary Tumor",10724,7.63128635522031
"TCGA-DZ-6131","Solid Tissue Normal",13358,8.00776034024845
"TCGA-F9-A7VF","Primary Tumor",272,3.05761155112476
"TCGA-BQ-7062","Primary Tumor",2621,5.03389845264168
"TCGA-2Z-A9JT","Primary Tumor",313,4.2834119326869
"TCGA-5P-A9K2","Primary Tumor",85,1.7976591873848
"TCGA-DZ-6135","Primary Tumor",2016,4.66786500531004
"TCGA-GL-A59R","Solid Tissue Normal",5515,7.23127080990314
"TCGA-G7-6789","Primary Tumor",3520,6.06231089948822
"TCGA-4A-A93W","Primary Tumor",1038,4.18547359801858
"TCGA-DZ-6132","Primary Tumor",2839,5.45500401049173
"TCGA-BQ-5875","Solid Tissue Normal",57405,9.66295582551508
"TCGA-2Z-A9J2","Primary Tumor",398,4.60758160725467
"TCGA-SX-A7SS","Primary Tumor",1148,4.93955955041272
"TCGA-HE-A5NJ","Primary Tumor",1890,5.86725805392802
"TCGA-HE-A5NH","Primary Tumor",357,3.71344473885535
"TCGA-IZ-8195","Primary Tumor",950,4.86621698908599
"TCGA-B9-A8YI","Primary Tumor",1170,5.19163944090034
"TCGA-AL-3473","Primary Tumor",7512,6.82992692378103
"TCGA-B9-A69E","Primary Tumor",6750,6.98231290831138
"TCGA-Y8-A8RY","Solid Tissue Normal",15433,7.6492936485194
"TCGA-BQ-7051","Solid Tissue Normal",131702,10.8166948027677
"TCGA-BQ-7048","Primary Tumor",2699,6.09012887093096
"TCGA-Y8-A896","Primary Tumor",4366,6.37438185576687
"TCGA-Y8-A8S0","Primary Tumor",745,3.69672654365375
"TCGA-G7-A8LB","Primary Tumor",373,3.33188897630354
"TCGA-5P-A9K8","Primary Tumor",1818,4.84661666743943
"TCGA-2Z-A9JE","Primary Tumor",1368,4.98250501080418
"TCGA-2Z-A9JD","Primary Tumor",1500,5.30439507624232
"TCGA-UZ-A9PZ","Primary Tumor",561,3.81747180737721
"TCGA-G7-7502","Primary Tumor",2376,4.956760877839
"TCGA-HE-A5NI","Primary Tumor",914,5.18918570536951
"TCGA-B1-A47N","Primary Tumor",638,3.85913461969175
"TCGA-GL-7966","Solid Tissue Normal",18305,8.62080817917492
"TCGA-HE-A5NK","Primary Tumor",533,4.41151995349385
"TCGA-5P-A9K9","Primary Tumor",3498,6.4161887974152
"TCGA-IZ-A6M9","Primary Tumor",480,3.28642462201329
"TCGA-O9-A75Z","Primary Tumor",821,3.77411125390194
"TCGA-BQ-7046","Primary Tumor",756,4.0893911350104
"TCGA-MH-A854","Primary Tumor",545,3.97419792860982
"TCGA-BQ-7046","Solid Tissue Normal",82815,10.2238753053417
"TCGA-B1-5398","Primary Tumor",2225,5.41273724963077
"TCGA-A4-7997","Primary Tumor",910,3.5421488284174
"TCGA-PJ-A5Z9","Primary Tumor",364,3.43576191235645
"TCGA-J7-8537","Primary Tumor",4305,6.4451993737401
"TCGA-5P-A9JW","Primary Tumor",744,4.17409972269205
"TCGA-IA-A40X","Primary Tumor",601,3.73773705666157
"TCGA-B9-A8YH","Primary Tumor",1481,4.28313581843562
"TCGA-BQ-7059","Solid Tissue Normal",61774,9.82674370570909
"TCGA-UZ-A9PR","Primary Tumor",906,3.78023504080721
"TCGA-MH-A55W","Primary Tumor",361,3.72257473815596
"TCGA-B1-A654","Primary Tumor",715,3.96860762802605
"TCGA-GL-8500","Primary Tumor",839,4.09617971261132
"TCGA-B9-A44B","Primary Tumor",2986,6.25031223915305
"TCGA-J7-6720","Primary Tumor",1181,4.53671074918753
"TCGA-2Z-A9JQ","Primary Tumor",103,2.32448650591667
"TCGA-Y8-A8RZ","Primary Tumor",1441,5.08986262087871
"TCGA-BQ-7061","Solid Tissue Normal",15739,7.48159549937297
"TCGA-MH-A562","Primary Tumor",395,3.3638936889683
"TCGA-BQ-7061","Primary Tumor",3457,5.60379024169004
"TCGA-GL-6846","Solid Tissue Normal",78345,10.3385110430517
"TCGA-GL-6846","Primary Tumor",2695,5.46174306207133
"TCGA-P4-A5EA","Primary Tumor",2489,5.95858890685086
"TCGA-2Z-A9J6","Primary Tumor",427,3.16973358682621
"TCGA-2Z-A9J3","Primary Tumor",620,3.36366464574417
"TCGA-AL-3467","Primary Tumor",943,3.9299627361794
"TCGA-IZ-8196","Primary Tumor",1176,4.6473814018548
"TCGA-BQ-5877","Primary Tumor",5292,6.26700289853343
"TCGA-UZ-A9PS","Additional - New Primary",3284,6.17162453852176
"TCGA-MH-A856","Primary Tumor",1102,4.79815897079397
"TCGA-UZ-A9PS","Primary Tumor",876,3.85464091115215
"TCGA-BQ-5889","Primary Tumor",44264,9.49474055427015
"TCGA-B9-4117","Primary Tumor",2670,5.2320330932477
"TCGA-GL-7773","Primary Tumor",550,3.39253571369668
"TCGA-BQ-5893","Primary Tumor",6851,6.90395392742299
"TCGA-P4-A5E8","Solid Tissue Normal",7345,8.21330420542134
"TCGA-SX-A7SN","Primary Tumor",638,3.92159891434817
"TCGA-IZ-A6M8","Primary Tumor",463,3.62528063398943
"TCGA-F9-A97G","Primary Tumor",2978,6.0417222044936
"TCGA-WN-A9G9","Primary Tumor",3235,6.35882995653305
"TCGA-F9-A8NY","Primary Tumor",5972,6.98022117843644
"TCGA-SX-A7SQ","Primary Tumor",1131,4.40548262538063
"TCGA-AL-7173","Primary Tumor",1088,4.7043921434186
"TCGA-G7-A4TM","Primary Tumor",1916,4.90682339753268
"TCGA-B9-4115","Primary Tumor",728,3.38231700550559
"TCGA-B9-4115","Solid Tissue Normal",54108,9.60054853151907
"TCGA-SX-A71R","Primary Tumor",537,3.39089587890132
"TCGA-A4-A5DU","Primary Tumor",427,3.30829145939693
"TCGA-P4-A5EB","Primary Tumor",894,4.15464261522232
"TCGA-WN-AB4C","Primary Tumor",534,4.48046631553002
"TCGA-J7-A8I2","Primary Tumor",1996,5.86299053269044
"TCGA-BQ-5879","Primary Tumor",16856,7.88771832188403
"TCGA-BQ-5885","Primary Tumor",391,2.64805164474338
"TCGA-BQ-5878","Primary Tumor",3272,5.53887974361181
"TCGA-B9-7268","Primary Tumor",761,3.68868079361
"TCGA-BQ-5891","Solid Tissue Normal",49650,9.48959452036664
"TCGA-A4-A57E","Primary Tumor",1140,5.01531376831912
"TCGA-2Z-A9JP","Primary Tumor",467,3.64033060812756
"TCGA-B9-A5W8","Primary Tumor",1285,5.09676625405223
"TCGA-B1-A47M","Primary Tumor",953,4.24622822917741
"TCGA-DW-7842","Primary Tumor",1340,4.18807300393784
"TCGA-BQ-7056","Primary Tumor",1751,4.74475226995535
"TCGA-B9-5155","Primary Tumor",1227,4.32385809739889
"TCGA-DW-7834","Primary Tumor",2649,5.65140593146488
"TCGA-A4-7288","Primary Tumor",1256,4.54235182102356
"TCGA-G7-A8LE","Primary Tumor",3466,5.65950007521064
"TCGA-DW-7841","Primary Tumor",2289,5.10587927914874
"TCGA-Q2-A5QZ","Primary Tumor",1530,5.49204389469129
"TCGA-2Z-A9J8","Primary Tumor",883,3.76502216295123
"TCGA-G7-6793","Primary Tumor",7818,7.04102459221841
"TCGA-B9-4617","Primary Tumor",1454,5.13005446165485
"TCGA-GL-A9DC","Primary Tumor",556,3.48238306284274
"TCGA-G7-A8LC","Primary Tumor",1100,4.78306972535842
"TCGA-BQ-5894","Solid Tissue Normal",98910,10.5039106621222
"TCGA-A4-8312","Primary Tumor",2530,5.83830674905171
"TCGA-5P-A9KA","Primary Tumor",747,3.95690630837018
"TCGA-P4-A5ED","Primary Tumor",4639,6.63193559551963
"TCGA-B3-A6W5","Primary Tumor",1920,4.94818853803573
"TCGA-2Z-A9JN","Primary Tumor",3366,6.07638231138347
"TCGA-PJ-A5Z8","Primary Tumor",4312,5.88325342423167
"TCGA-BQ-7045","Primary Tumor",339,4.14222562060505
"TCGA-HE-7130","Primary Tumor",3495,6.43458798236318
"TCGA-UZ-A9Q0","Primary Tumor",169,2.57183880294311
"TCGA-BQ-5881","Primary Tumor",974,5.06840609310854
"TCGA-BQ-5888","Solid Tissue Normal",46263,9.49241750372844
"TCGA-5P-A9KE","Primary Tumor",602,3.72051821043363
"TCGA-UZ-A9PV","Primary Tumor",1056,3.90863811671221
"TCGA-BQ-7060","Primary Tumor",1417,4.57939450163787
"TCGA-IA-A40U","Primary Tumor",1518,5.03320387679492
"TCGA-P4-AAVK","Primary Tumor",2005,5.26323333455144
"TCGA-BQ-7053","Primary Tumor",5007,5.98261013613981
"TCGA-5P-A9JV","Primary Tumor",19970,8.38304844038305
"TCGA-KV-A74V","Primary Tumor",679,3.70997861449899
"TCGA-B1-A657","Primary Tumor",735,3.49184791365226
"TCGA-B3-3925","Primary Tumor",1935,4.9985589674021
"TCGA-P4-A5E6","Primary Tumor",686,3.91801206261217
"TCGA-A4-7286","Primary Tumor",479,5.10934580704436
"TCGA-UN-AAZ9","Primary Tumor",2268,5.11716462056933
"TCGA-A4-8310","Primary Tumor",607,3.98923073869716
"TCGA-B1-A656","Primary Tumor",2223,5.60033207947245
"TCGA-BQ-5875","Primary Tumor",2766,5.88425910559396
"TCGA-A4-A4ZT","Primary Tumor",1039,4.69926353082166
"TCGA-BQ-5882","Primary Tumor",5626,6.4688229119374
"TCGA-BQ-5882","Solid Tissue Normal",65295,10.1394376413924
"TCGA-UZ-A9PK","Primary Tumor",730,3.68817405702436
"TCGA-B9-A5W9","Primary Tumor",1455,4.44816083641224
"TCGA-A4-8098","Primary Tumor",1171,4.48969771417388
"TCGA-AL-3466","Primary Tumor",711,4.48609523109538
"TCGA-MH-A560","Primary Tumor",928,5.05003835537715
"TCGA-A4-8518","Primary Tumor",845,4.96125205852382
"TCGA-UZ-A9PJ","Primary Tumor",478,3.09863113601652
"TCGA-Y8-A8RY","Primary Tumor",1632,4.51360458002657
"TCGA-DZ-6133","Solid Tissue Normal",76718,10.4306151861058
"TCGA-DZ-6133","Primary Tumor",2158,4.80220851479782
"TCGA-BQ-7051","Primary Tumor",1674,4.21618550914462
"TCGA-5P-A9JZ","Primary Tumor",1882,4.95068838314223
"TCGA-BQ-5879","Solid Tissue Normal",84679,10.2669620121996
"TCGA-A4-7583","Primary Tumor",1392,4.46781385909852
"TCGA-BQ-5878","Solid Tissue Normal",78623,10.202904564167
"TCGA-IA-A83V","Primary Tumor",863,4.62470567898002
"TCGA-2Z-A9JG","Primary Tumor",1184,4.23541289548171
"TCGA-2Z-A9J5","Primary Tumor",331,3.52533567171412
"TCGA-5P-A9K6","Primary Tumor",2261,5.37284067358396
"TCGA-2Z-A9J7","Primary Tumor",702,3.98840133872648
"TCGA-A4-A57E","Solid Tissue Normal",6855,7.46265021875243
"TCGA-HE-7128","Primary Tumor",2054,5.45373742438151
"TCGA-A4-A772","Primary Tumor",999,3.96322565603015
"TCGA-A4-8311","Primary Tumor",516,3.74522747708113
"TCGA-HE-A5NL","Primary Tumor",696,4.51612068842285
"TCGA-EV-5902","Primary Tumor",1127,3.95076165458697
"TCGA-MH-A561","Primary Tumor",836,4.06794753997607
"TCGA-A4-8630","Primary Tumor",888,4.05039783248462
"TCGA-A4-7287","Primary Tumor",3246,6.07096250325003
"TCGA-BQ-5884","Solid Tissue Normal",77540,10.3501285492994
"TCGA-DZ-6134","Solid Tissue Normal",52047,9.88823251960729
"TCGA-AL-3468","Primary Tumor",894,4.41045861756626
"TCGA-BQ-7058","Primary Tumor",1785,5.77097217629088
"TCGA-A4-A48D","Primary Tumor",944,5.02851636102745
"TCGA-A4-A5XZ","Primary Tumor",901,4.6037909735769
"TCGA-Y8-A897","Primary Tumor",943,4.16280356499213
"TCGA-BQ-5894","Primary Tumor",12687,7.84223973994266
"TCGA-Y8-A898","Primary Tumor",507,3.89397851638939
"TCGA-BQ-5887","Primary Tumor",4365,6.41414420456481
"TCGA-P4-AAVO","Primary Tumor",469,4.33177091666423
"TCGA-UZ-A9Q1","Primary Tumor",1329,4.9510968464902
"TCGA-A4-7585","Primary Tumor",2848,5.76774012211393
"TCGA-A4-A6HP","Primary Tumor",609,3.5993316984673
"TCGA-A4-8516","Primary Tumor",964,4.32370923018942
"TCGA-BQ-7059","Primary Tumor",2589,5.25086527697984
"TCGA-2Z-A9JM","Primary Tumor",1271,4.63098537892208
"TCGA-5P-A9JU","Primary Tumor",1059,4.21150272062043
"TCGA-UZ-A9PM","Primary Tumor",362,3.51165583898981
"TCGA-BQ-5886","Primary Tumor",490,3.92648303605332
"TCGA-A4-A5Y0","Primary Tumor",1184,4.82319068803606
"TCGA-GL-A4EM","Primary Tumor",1715,5.73874187559845
"TCGA-EV-5903","Primary Tumor",2743,5.59200631999909
"TCGA-SX-A7SL","Primary Tumor",362,3.35250945737908
"TCGA-F9-A7Q0","Primary Tumor",735,3.90907138343098
"TCGA-AT-A5NU","Primary Tumor",1780,4.05613639881933
"TCGA-MH-A857","Primary Tumor",2263,5.48582567057702
"TCGA-SX-A7SU","Primary Tumor",622,3.61645803677776
"TCGA-B1-7332","Primary Tumor",1069,4.60097469114647
"TCGA-5P-A9KC","Primary Tumor",2593,5.49173912980803
"TCGA-5P-A9KH","Primary Tumor",5275,6.51193808891154
"TCGA-A4-7828","Primary Tumor",22072,9.00121115864728
"TCGA-2Z-A9JJ","Primary Tumor",3573,5.93589762497121
"TCGA-Y8-A894","Primary Tumor",901,3.99036160929003
"TCGA-A4-7732","Primary Tumor",591,3.5917253014422
"TCGA-BQ-5877","Solid Tissue Normal",49146,9.86591427208777
"TCGA-A4-A5Y1","Primary Tumor",4184,5.30805576861706
"TCGA-SX-A7SO","Primary Tumor",937,4.15518079698348
"TCGA-DW-7963","Primary Tumor",859,5.74637576169654
"TCGA-B9-4113","Primary Tumor",1128,3.96947369365944
"TCGA-GL-A9DE","Primary Tumor",1333,4.9018838296385
"TCGA-2Z-A9JO","Primary Tumor",1848,5.66289664761474
"TCGA-F9-A4JJ","Primary Tumor",3904,6.34502623009593
"TCGA-SX-A71W","Primary Tumor",1218,4.21689046026475
"TCGA-B1-A655","Primary Tumor",2455,5.5068542998638
"TCGA-DZ-6131","Primary Tumor",3424,5.6727431015006
"TCGA-IA-A83S","Primary Tumor",630,4.3093441356926
"TCGA-GL-A59R","Primary Tumor",659,4.17185406470634
"TCGA-MH-A855","Primary Tumor",1515,4.81159227496609
"TCGA-2K-A9WE","Primary Tumor",989,4.37091217274953
"TCGA-P4-A5E8","Primary Tumor",1483,5.60695756597175
"TCGA-2Z-A9J1","Primary Tumor",562,3.66358120066168
"TCGA-DZ-6132","Solid Tissue Normal",54501,9.53652552632048
"TCGA-2Z-A9JR","Primary Tumor",757,3.83423363056947
"TCGA-SX-A71V","Primary Tumor",711,3.67298858552756
"TCGA-5P-A9KF","Primary Tumor",410,2.72018303574748
"TCGA-A4-A4ZT","Solid Tissue Normal",7666,7.36782543822854
"TCGA-4A-A93Y","Primary Tumor",4335,6.54432070421425
"TCGA-A4-7996","Primary Tumor",1660,4.15669296491365
"TCGA-SX-A71U","Primary Tumor",743,3.82935774048264
"TCGA-BQ-5891","Primary Tumor",3243,5.52085880168011
"TCGA-UZ-A9PQ","Primary Tumor",2802,5.52496731056882
"TCGA-Y8-A895","Primary Tumor",502,3.1554735475561
"TCGA-UZ-A9PX","Primary Tumor",1028,4.03053546037984
"TCGA-EV-5901","Primary Tumor",3320,5.27655044203604
"TCGA-BQ-5890","Solid Tissue Normal",60502,9.90630611166947
"TCGA-SX-A7SP","Primary Tumor",1025,4.07435505234515
