"barcode","SampleType","RawCount","logCPM","total_mutations"
"TCGA-2K-A9WE","Primary Tumor",989,4.37091217274953,60
"TCGA-2Z-A9J1","Primary Tumor",562,3.66358120066168,100
"TCGA-2Z-A9J2","Primary Tumor",398,4.60758160725467,87
"TCGA-2Z-A9J3","Primary Tumor",620,3.36366464574417,141
"TCGA-2Z-A9J5","Primary Tumor",331,3.52533567171412,102
"TCGA-2Z-A9J6","Primary Tumor",427,3.16973358682621,58
"TCGA-2Z-A9J7","Primary Tumor",702,3.98840133872648,45
"TCGA-2Z-A9J8","Primary Tumor",883,3.76502216295123,31
"TCGA-2Z-A9J9","Primary Tumor",28783,8.78949499314605,NA
"TCGA-2Z-A9JD","Primary Tumor",1500,5.30439507624232,113
"TCGA-2Z-A9JE","Primary Tumor",1368,4.98250501080418,NA
"TCGA-2Z-A9JG","Primary Tumor",1184,4.23541289548171,92
"TCGA-2Z-A9JI","Primary Tumor",2467,5.46582381258921,9
"TCGA-2Z-A9JJ","Primary Tumor",3573,5.93589762497121,19
"TCGA-2Z-A9JK","Primary Tumor",13258,7.66587254026065,88
"TCGA-2Z-A9JL","Primary Tumor",879,4.03793165011503,NA
"TCGA-2Z-A9JM","Primary Tumor",1271,4.63098537892208,65
"TCGA-2Z-A9JN","Primary Tumor",3366,6.07638231138347,18
"TCGA-2Z-A9JO","Primary Tumor",1848,5.66289664761474,41
"TCGA-2Z-A9JP","Primary Tumor",467,3.64033060812756,NA
"TCGA-2Z-A9JQ","Primary Tumor",103,2.32448650591667,90
"TCGA-2Z-A9JR","Primary Tumor",757,3.83423363056947,56
"TCGA-2Z-A9JS","Primary Tumor",1114,3.92836290690226,130
"TCGA-2Z-A9JT","Primary Tumor",313,4.2834119326869,NA
"TCGA-4A-A93W","Primary Tumor",1038,4.18547359801858,108
"TCGA-4A-A93X","Primary Tumor",1872,5.31590948129971,103
"TCGA-4A-A93Y","Primary Tumor",4335,6.54432070421425,28
"TCGA-5P-A9JU","Primary Tumor",1059,4.21150272062043,85
"TCGA-5P-A9JV","Primary Tumor",19970,8.38304844038305,NA
"TCGA-5P-A9JW","Primary Tumor",744,4.17409972269205,88
"TCGA-5P-A9JY","Primary Tumor",252,2.49060959249584,118
"TCGA-5P-A9JZ","Primary Tumor",1882,4.95068838314223,44
"TCGA-5P-A9K0","Primary Tumor",971,4.11105158507618,95
"TCGA-5P-A9K2","Primary Tumor",85,1.7976591873848,70
"TCGA-5P-A9K3","Primary Tumor",1109,4.83816704310707,70
"TCGA-5P-A9K4","Primary Tumor",413,3.03737182138905,NA
"TCGA-5P-A9K6","Primary Tumor",2261,5.37284067358396,54
"TCGA-5P-A9K8","Primary Tumor",1818,4.84661666743943,21
"TCGA-5P-A9K9","Primary Tumor",3498,6.4161887974152,NA
"TCGA-5P-A9KA","Primary Tumor",747,3.95690630837018,95
"TCGA-5P-A9KC","Primary Tumor",2593,5.49173912980803,82
"TCGA-5P-A9KE","Primary Tumor",602,3.72051821043363,94
"TCGA-5P-A9KF","Primary Tumor",410,2.72018303574748,73
"TCGA-5P-A9KH","Primary Tumor",5275,6.51193808891154,25
"TCGA-A4-7286","Primary Tumor",479,5.10934580704436,40
"TCGA-A4-7287","Primary Tumor",3246,6.07096250325003,44
"TCGA-A4-7288","Primary Tumor",1256,4.54235182102356,73
"TCGA-A4-7583","Primary Tumor",1392,4.46781385909852,64
"TCGA-A4-7584","Primary Tumor",908,4.10149839243114,75
"TCGA-A4-7585","Primary Tumor",2848,5.76774012211393,76
"TCGA-A4-7732","Primary Tumor",591,3.5917253014422,48
"TCGA-A4-7734","Primary Tumor",4739,5.91063393545131,54
"TCGA-A4-7828","Primary Tumor",22072,9.00121115864728,33
"TCGA-A4-7915","Primary Tumor",10724,7.63128635522031,24
"TCGA-A4-7996","Primary Tumor",1660,4.15669296491365,86
"TCGA-A4-7997","Primary Tumor",910,3.5421488284174,75
"TCGA-A4-8098","Primary Tumor",1171,4.48969771417388,87
"TCGA-A4-8310","Primary Tumor",607,3.98923073869716,69
"TCGA-A4-8311","Primary Tumor",516,3.74522747708113,55
"TCGA-A4-8312","Primary Tumor",2530,5.83830674905171,16
"TCGA-A4-8515","Primary Tumor",886,4.07185798920094,57
"TCGA-A4-8516","Primary Tumor",964,4.32370923018942,NA
"TCGA-A4-8517","Primary Tumor",966,4.50319749686482,86
"TCGA-A4-8518","Primary Tumor",845,4.96125205852382,11
"TCGA-A4-8630","Primary Tumor",888,4.05039783248462,59
"TCGA-A4-A48D","Primary Tumor",944,5.02851636102745,117
"TCGA-A4-A4ZT","Primary Tumor",1039,4.69926353082166,62
"TCGA-A4-A4ZT","Solid Tissue Normal",7666,7.36782543822854,62
"TCGA-A4-A57E","Solid Tissue Normal",6855,7.46265021875243,87
"TCGA-A4-A57E","Primary Tumor",1140,5.01531376831912,87
"TCGA-A4-A5DU","Primary Tumor",427,3.30829145939693,33
"TCGA-A4-A5XZ","Primary Tumor",901,4.6037909735769,57
"TCGA-A4-A5Y0","Primary Tumor",1184,4.82319068803606,62
"TCGA-A4-A5Y1","Primary Tumor",4184,5.30805576861706,75
"TCGA-A4-A6HP","Primary Tumor",609,3.5993316984673,87
"TCGA-A4-A772","Primary Tumor",999,3.96322565603015,48
"TCGA-A4-A7UZ","Primary Tumor",1417,4.78646060139988,73
"TCGA-AL-3466","Primary Tumor",711,4.48609523109538,37
"TCGA-AL-3467","Primary Tumor",943,3.9299627361794,14
"TCGA-AL-3468","Primary Tumor",894,4.41045861756626,100
"TCGA-AL-3471","Primary Tumor",440,3.56612290122544,NA
"TCGA-AL-3472","Primary Tumor",700,3.44888256981574,54
"TCGA-AL-3473","Primary Tumor",7512,6.82992692378103,51
"TCGA-AL-7173","Primary Tumor",1088,4.7043921434186,61
"TCGA-AL-A5DJ","Primary Tumor",805,4.39246877857165,37
"TCGA-AT-A5NU","Primary Tumor",1780,4.05613639881933,68
"TCGA-B1-5398","Primary Tumor",2225,5.41273724963077,118
"TCGA-B1-7332","Primary Tumor",1069,4.60097469114647,52
"TCGA-B1-A47M","Primary Tumor",953,4.24622822917741,116
"TCGA-B1-A47N","Primary Tumor",638,3.85913461969175,32
"TCGA-B1-A47O","Primary Tumor",268,2.78581384573535,40
"TCGA-B1-A654","Primary Tumor",715,3.96860762802605,60
"TCGA-B1-A655","Primary Tumor",2455,5.5068542998638,98
"TCGA-B1-A656","Primary Tumor",2223,5.60033207947245,119
"TCGA-B1-A657","Primary Tumor",735,3.49184791365226,80
"TCGA-B3-3925","Primary Tumor",1935,4.9985589674021,157
"TCGA-B3-3926","Primary Tumor",1344,4.73435934026666,9
"TCGA-B3-4103","Primary Tumor",1167,4.26026181542289,111
"TCGA-B3-4104","Primary Tumor",3772,6.40771350763144,163
"TCGA-B3-8121","Primary Tumor",1059,4.51656185381634,37
"TCGA-B3-A6W5","Primary Tumor",1920,4.94818853803573,33
"TCGA-B9-4113","Primary Tumor",1128,3.96947369365944,74
"TCGA-B9-4114","Primary Tumor",1313,4.45478512990477,79
"TCGA-B9-4115","Primary Tumor",728,3.38231700550559,124
"TCGA-B9-4115","Solid Tissue Normal",54108,9.60054853151907,124
"TCGA-B9-4116","Primary Tumor",17056,7.72895298651529,93
"TCGA-B9-4117","Primary Tumor",2670,5.2320330932477,44
"TCGA-B9-4617","Primary Tumor",1454,5.13005446165485,57
"TCGA-B9-5155","Primary Tumor",1227,4.32385809739889,107
"TCGA-B9-5156","Primary Tumor",1462,4.70731042876175,89
"TCGA-B9-7268","Primary Tumor",761,3.68868079361,52
"TCGA-B9-A44B","Primary Tumor",2986,6.25031223915305,164
"TCGA-B9-A5W7","Primary Tumor",883,3.88362962524697,9
"TCGA-B9-A5W8","Primary Tumor",1285,5.09676625405223,53
"TCGA-B9-A5W9","Primary Tumor",1455,4.44816083641224,54
"TCGA-B9-A69E","Primary Tumor",6750,6.98231290831138,88
"TCGA-B9-A8YH","Primary Tumor",1481,4.28313581843562,106
"TCGA-B9-A8YI","Primary Tumor",1170,5.19163944090034,124
"TCGA-BQ-5875","Primary Tumor",2766,5.88425910559396,74
"TCGA-BQ-5875","Solid Tissue Normal",57405,9.66295582551508,74
"TCGA-BQ-5876","Primary Tumor",1814,5.73079681480943,74
"TCGA-BQ-5877","Solid Tissue Normal",49146,9.86591427208777,82
"TCGA-BQ-5877","Primary Tumor",5292,6.26700289853343,82
"TCGA-BQ-5878","Solid Tissue Normal",78623,10.202904564167,102
"TCGA-BQ-5878","Primary Tumor",3272,5.53887974361181,102
"TCGA-BQ-5879","Primary Tumor",16856,7.88771832188403,24
"TCGA-BQ-5879","Solid Tissue Normal",84679,10.2669620121996,24
"TCGA-BQ-5880","Primary Tumor",1666,5.91210989793902,48
"TCGA-BQ-5881","Primary Tumor",974,5.06840609310854,35
"TCGA-BQ-5882","Solid Tissue Normal",65295,10.1394376413924,64
"TCGA-BQ-5882","Primary Tumor",5626,6.4688229119374,64
"TCGA-BQ-5883","Primary Tumor",10657,7.48663996432418,20
"TCGA-BQ-5884","Primary Tumor",3031,5.25349844598969,43
"TCGA-BQ-5884","Solid Tissue Normal",77540,10.3501285492994,43
"TCGA-BQ-5885","Primary Tumor",391,2.64805164474338,118
"TCGA-BQ-5886","Primary Tumor",490,3.92648303605332,65
"TCGA-BQ-5887","Solid Tissue Normal",38612,9.09678773522605,16
"TCGA-BQ-5887","Primary Tumor",4365,6.41414420456481,16
"TCGA-BQ-5888","Primary Tumor",786,4.01891575588991,21
"TCGA-BQ-5888","Solid Tissue Normal",46263,9.49241750372844,21
"TCGA-BQ-5889","Primary Tumor",44264,9.49474055427015,54
"TCGA-BQ-5890","Primary Tumor",1223,4.42727146218029,84
"TCGA-BQ-5890","Solid Tissue Normal",60502,9.90630611166947,84
"TCGA-BQ-5891","Solid Tissue Normal",49650,9.48959452036664,27
"TCGA-BQ-5891","Primary Tumor",3243,5.52085880168011,27
"TCGA-BQ-5892","Primary Tumor",12046,7.82306665194644,63
"TCGA-BQ-5893","Primary Tumor",6851,6.90395392742299,48
"TCGA-BQ-5894","Primary Tumor",12687,7.84223973994266,22
"TCGA-BQ-5894","Solid Tissue Normal",98910,10.5039106621222,22
"TCGA-BQ-7044","Primary Tumor",1699,4.9599410681313,77
"TCGA-BQ-7044","Solid Tissue Normal",35887,9.37655569377047,77
"TCGA-BQ-7045","Solid Tissue Normal",29518,9.23493915329131,83
"TCGA-BQ-7045","Primary Tumor",339,4.14222562060505,83
"TCGA-BQ-7046","Primary Tumor",756,4.0893911350104,40
"TCGA-BQ-7046","Solid Tissue Normal",82815,10.2238753053417,40
"TCGA-BQ-7048","Primary Tumor",2699,6.09012887093096,67
"TCGA-BQ-7049","Primary Tumor",3644,5.99369458580188,14
"TCGA-BQ-7050","Primary Tumor",941,4.21982123695434,18
"TCGA-BQ-7051","Solid Tissue Normal",131702,10.8166948027677,98
"TCGA-BQ-7051","Primary Tumor",1674,4.21618550914462,98
"TCGA-BQ-7053","Primary Tumor",5007,5.98261013613981,56
"TCGA-BQ-7055","Primary Tumor",5739,7.42512183491423,8
"TCGA-BQ-7055","Solid Tissue Normal",118004,10.8752950918132,8
"TCGA-BQ-7056","Primary Tumor",1751,4.74475226995535,33
"TCGA-BQ-7058","Primary Tumor",1785,5.77097217629088,67
"TCGA-BQ-7059","Solid Tissue Normal",61774,9.82674370570909,77
"TCGA-BQ-7059","Primary Tumor",2589,5.25086527697984,77
"TCGA-BQ-7060","Primary Tumor",1417,4.57939450163787,35
"TCGA-BQ-7061","Primary Tumor",3457,5.60379024169004,86
"TCGA-BQ-7061","Solid Tissue Normal",15739,7.48159549937297,86
"TCGA-BQ-7062","Primary Tumor",2621,5.03389845264168,41
"TCGA-DW-5560","Primary Tumor",645,3.47235323292292,28
"TCGA-DW-5561","Primary Tumor",1053,4.00770378635831,39
"TCGA-DW-7834","Primary Tumor",2649,5.65140593146488,60
"TCGA-DW-7836","Primary Tumor",3624,6.02263982211559,46
"TCGA-DW-7837","Primary Tumor",1529,5.19273797365479,25
"TCGA-DW-7838","Primary Tumor",1295,4.66549105622202,88
"TCGA-DW-7839","Primary Tumor",871,3.6549185759506,46
"TCGA-DW-7840","Primary Tumor",1551,5.09262471095523,90
"TCGA-DW-7841","Primary Tumor",2289,5.10587927914874,47
"TCGA-DW-7842","Primary Tumor",1340,4.18807300393784,25
"TCGA-DW-7963","Primary Tumor",859,5.74637576169654,21
"TCGA-DZ-6131","Primary Tumor",3424,5.6727431015006,27
"TCGA-DZ-6131","Solid Tissue Normal",13358,8.00776034024845,27
"TCGA-DZ-6132","Solid Tissue Normal",54501,9.53652552632048,119
"TCGA-DZ-6132","Primary Tumor",2839,5.45500401049173,119
"TCGA-DZ-6133","Solid Tissue Normal",76718,10.4306151861058,98
"TCGA-DZ-6133","Primary Tumor",2158,4.80220851479782,98
"TCGA-DZ-6134","Primary Tumor",11346,7.30302740570971,45
"TCGA-DZ-6134","Solid Tissue Normal",52047,9.88823251960729,45
"TCGA-DZ-6135","Primary Tumor",2016,4.66786500531004,33
"TCGA-EV-5901","Primary Tumor",3320,5.27655044203604,45
"TCGA-EV-5902","Primary Tumor",1127,3.95076165458697,90
"TCGA-EV-5903","Primary Tumor",2743,5.59200631999909,115
"TCGA-F9-A4JJ","Primary Tumor",3904,6.34502623009593,41
"TCGA-F9-A7Q0","Primary Tumor",735,3.90907138343098,14
"TCGA-F9-A7VF","Primary Tumor",272,3.05761155112476,80
"TCGA-F9-A8NY","Primary Tumor",5972,6.98022117843644,48
"TCGA-F9-A97G","Primary Tumor",2978,6.0417222044936,71
"TCGA-G7-6789","Primary Tumor",3520,6.06231089948822,23
"TCGA-G7-6790","Primary Tumor",1398,4.45720376913516,77
"TCGA-G7-6792","Primary Tumor",1195,4.48357240923125,33
"TCGA-G7-6793","Primary Tumor",7818,7.04102459221841,29
"TCGA-G7-6795","Primary Tumor",1061,4.56587052511371,60
"TCGA-G7-6796","Primary Tumor",987,4.70492012147627,52
"TCGA-G7-6797","Primary Tumor",699,4.06849727841853,63
"TCGA-G7-7501","Primary Tumor",2329,5.18900592777104,37
"TCGA-G7-7502","Primary Tumor",2376,4.956760877839,66
"TCGA-G7-A4TM","Primary Tumor",1916,4.90682339753268,37
"TCGA-G7-A8LB","Primary Tumor",373,3.33188897630354,102
"TCGA-G7-A8LC","Primary Tumor",1100,4.78306972535842,14
"TCGA-G7-A8LD","Primary Tumor",4754,6.06585065073089,45
"TCGA-G7-A8LE","Primary Tumor",3466,5.65950007521064,82
"TCGA-GL-6846","Primary Tumor",2695,5.46174306207133,70
"TCGA-GL-6846","Solid Tissue Normal",78345,10.3385110430517,70
"TCGA-GL-7773","Primary Tumor",550,3.39253571369668,129
"TCGA-GL-7966","Solid Tissue Normal",18305,8.62080817917492,34
"TCGA-GL-7966","Primary Tumor",10441,7.33883405452343,34
"TCGA-GL-8500","Primary Tumor",839,4.09617971261132,89
"TCGA-GL-A4EM","Primary Tumor",1715,5.73874187559845,77
"TCGA-GL-A59R","Solid Tissue Normal",5515,7.23127080990314,107
"TCGA-GL-A59R","Primary Tumor",659,4.17185406470634,107
"TCGA-GL-A59T","Primary Tumor",361,3.17141658995686,83
"TCGA-GL-A9DC","Primary Tumor",556,3.48238306284274,114
"TCGA-GL-A9DD","Primary Tumor",948,4.32735217894188,104
"TCGA-GL-A9DE","Solid Tissue Normal",9375,7.13501036095207,114
"TCGA-GL-A9DE","Primary Tumor",1333,4.9018838296385,114
"TCGA-HE-7128","Primary Tumor",2054,5.45373742438151,41
"TCGA-HE-7129","Primary Tumor",892,3.51766583063131,42
"TCGA-HE-7130","Primary Tumor",3495,6.43458798236318,185
"TCGA-HE-A5NF","Primary Tumor",774,4.89802834946773,76
"TCGA-HE-A5NH","Primary Tumor",357,3.71344473885535,90
"TCGA-HE-A5NI","Primary Tumor",914,5.18918570536951,126
"TCGA-HE-A5NJ","Primary Tumor",1890,5.86725805392802,73
"TCGA-HE-A5NK","Primary Tumor",533,4.41151995349385,106
"TCGA-HE-A5NL","Primary Tumor",696,4.51612068842285,87
"TCGA-IA-A40U","Primary Tumor",1518,5.03320387679492,51
"TCGA-IA-A40X","Primary Tumor",601,3.73773705666157,27
"TCGA-IA-A40Y","Primary Tumor",1712,4.89662991322759,79
"TCGA-IA-A83S","Primary Tumor",630,4.3093441356926,141
"TCGA-IA-A83T","Primary Tumor",1055,4.30586557065816,59
"TCGA-IA-A83V","Primary Tumor",863,4.62470567898002,65
"TCGA-IA-A83W","Primary Tumor",960,4.32716562032726,75
"TCGA-IZ-8195","Primary Tumor",950,4.86621698908599,74
"TCGA-IZ-8196","Primary Tumor",1176,4.6473814018548,91
"TCGA-IZ-A6M8","Primary Tumor",463,3.62528063398943,82
"TCGA-IZ-A6M9","Primary Tumor",480,3.28642462201329,60
"TCGA-J7-6720","Primary Tumor",1181,4.53671074918753,40
"TCGA-J7-8537","Primary Tumor",4305,6.4451993737401,45
"TCGA-J7-A8I2","Primary Tumor",1996,5.86299053269044,57
"TCGA-KV-A6GD","Primary Tumor",1268,4.60337727022685,60
"TCGA-KV-A6GE","Primary Tumor",618,3.44907209766576,40
"TCGA-KV-A74V","Primary Tumor",679,3.70997861449899,20
"TCGA-MH-A55W","Primary Tumor",361,3.72257473815596,101
"TCGA-MH-A55Z","Primary Tumor",913,4.3983034244925,106
"TCGA-MH-A560","Primary Tumor",928,5.05003835537715,55
"TCGA-MH-A561","Primary Tumor",836,4.06794753997607,110
"TCGA-MH-A562","Primary Tumor",395,3.3638936889683,71
"TCGA-MH-A854","Primary Tumor",545,3.97419792860982,128
"TCGA-MH-A855","Primary Tumor",1515,4.81159227496609,35
"TCGA-MH-A856","Primary Tumor",1102,4.79815897079397,75
"TCGA-MH-A857","Primary Tumor",2263,5.48582567057702,28
"TCGA-O9-A75Z","Primary Tumor",821,3.77411125390194,16
"TCGA-P4-A5E6","Primary Tumor",686,3.91801206261217,87
"TCGA-P4-A5E7","Primary Tumor",1377,4.52938058028421,100
"TCGA-P4-A5E8","Primary Tumor",1483,5.60695756597175,43
"TCGA-P4-A5E8","Solid Tissue Normal",7345,8.21330420542134,43
"TCGA-P4-A5EA","Primary Tumor",2489,5.95858890685086,66
"TCGA-P4-A5EB","Primary Tumor",894,4.15464261522232,146
"TCGA-P4-A5ED","Solid Tissue Normal",9472,7.43112180304082,14
"TCGA-P4-A5ED","Primary Tumor",4639,6.63193559551963,14
"TCGA-P4-AAVK","Primary Tumor",2005,5.26323333455144,NA
"TCGA-P4-AAVL","Primary Tumor",290,3.09957132242875,84
"TCGA-P4-AAVM","Primary Tumor",241,3.57479351311774,57
"TCGA-P4-AAVO","Primary Tumor",469,4.33177091666423,NA
"TCGA-PJ-A5Z8","Primary Tumor",4312,5.88325342423167,75
"TCGA-PJ-A5Z9","Primary Tumor",364,3.43576191235645,64
"TCGA-Q2-A5QZ","Primary Tumor",1530,5.49204389469129,75
"TCGA-SX-A71R","Primary Tumor",537,3.39089587890132,49
"TCGA-SX-A71S","Primary Tumor",1675,4.69742910691204,141
"TCGA-SX-A71U","Primary Tumor",743,3.82935774048264,109
"TCGA-SX-A71V","Primary Tumor",711,3.67298858552756,119
"TCGA-SX-A71W","Primary Tumor",1218,4.21689046026475,37
"TCGA-SX-A7SL","Primary Tumor",362,3.35250945737908,97
"TCGA-SX-A7SM","Primary Tumor",1086,4.71223770965853,79
"TCGA-SX-A7SN","Primary Tumor",638,3.92159891434817,114
"TCGA-SX-A7SO","Primary Tumor",937,4.15518079698348,47
"TCGA-SX-A7SP","Primary Tumor",1025,4.07435505234515,85
"TCGA-SX-A7SQ","Primary Tumor",1131,4.40548262538063,99
"TCGA-SX-A7SR","Primary Tumor",679,3.77136159247626,90
"TCGA-SX-A7SS","Primary Tumor",1148,4.93955955041272,111
"TCGA-SX-A7SU","Primary Tumor",622,3.61645803677776,46
"TCGA-UN-AAZ9","Primary Tumor",2268,5.11716462056933,25
"TCGA-UZ-A9PJ","Primary Tumor",478,3.09863113601652,60
"TCGA-UZ-A9PK","Primary Tumor",730,3.68817405702436,81
"TCGA-UZ-A9PL","Primary Tumor",699,3.59081122737818,76
"TCGA-UZ-A9PM","Primary Tumor",362,3.51165583898981,61
"TCGA-UZ-A9PN","Primary Tumor",7966,6.84538773302018,62
"TCGA-UZ-A9PO","Primary Tumor",871,4.53041085879412,100
"TCGA-UZ-A9PP","Primary Tumor",1203,4.21283193569983,78
"TCGA-UZ-A9PQ","Primary Tumor",2802,5.52496731056882,NA
"TCGA-UZ-A9PR","Primary Tumor",906,3.78023504080721,112
"TCGA-UZ-A9PS","Primary Tumor",876,3.85464091115215,245
"TCGA-UZ-A9PS","Additional - New Primary",3284,6.17162453852176,245
"TCGA-UZ-A9PU","Primary Tumor",393,2.64883832956943,59
"TCGA-UZ-A9PV","Primary Tumor",1056,3.90863811671221,61
"TCGA-UZ-A9PX","Primary Tumor",1028,4.03053546037984,110
"TCGA-UZ-A9PZ","Primary Tumor",561,3.81747180737721,52
"TCGA-UZ-A9Q0","Primary Tumor",169,2.57183880294311,66
"TCGA-UZ-A9Q1","Primary Tumor",1329,4.9510968464902,91
"TCGA-V9-A7HT","Primary Tumor",1783,4.96919923869734,83
"TCGA-WN-A9G9","Primary Tumor",3235,6.35882995653305,66
"TCGA-WN-AB4C","Primary Tumor",534,4.48046631553002,98
"TCGA-Y8-A894","Primary Tumor",901,3.99036160929003,87
"TCGA-Y8-A895","Primary Tumor",502,3.1554735475561,102
"TCGA-Y8-A896","Primary Tumor",4366,6.37438185576687,113
"TCGA-Y8-A897","Primary Tumor",943,4.16280356499213,70
"TCGA-Y8-A898","Primary Tumor",507,3.89397851638939,78
"TCGA-Y8-A8RY","Solid Tissue Normal",15433,7.6492936485194,64
"TCGA-Y8-A8RY","Primary Tumor",1632,4.51360458002657,64
"TCGA-Y8-A8RZ","Primary Tumor",1441,5.08986262087871,70
"TCGA-Y8-A8S0","Primary Tumor",745,3.69672654365375,42
"TCGA-Y8-A8S1","Primary Tumor",3921,7.12836295738218,60
